date,title,global_headline,closing_summary,featured_stocks,market_movers,issue_insight,biotech_food_notes,one_liner,url
2026-09-22,"[🔴09/23 #당잠사] 미-이란, 3시간 유엔 회담…트럼프 “중간선거 후 합의할 것” | 로젠블랫 “샌디스크 목표가 상향”…메모리주 동반 강세 | #마이크론 #애플 #샌디스크","미증시 3대 지수는 혼조세로 마감했으며, UN 총회를 계기로 미국과 이란의 대표단이 3시간 회담을 진행했다. 도널드 트럼프 대통령은 중간 선거 후 이란과의 합의 가능성을 언급했다. 국제 유가는 하락세를 보였고, 로젠블렛 증권은 샌디스크의 목표가를 2,400달러로 제시했다. 알리바바는 AI 가속기를 공개하고 데이터 센터 용량을 확충할 계획을 밝혔다.","나스닥 지수는 0.45% 상승하며 사상 최고치를 경신했고, 다우 지수는 0.36% 하락했다. WTI 유가는 2.83% 하락해 90달러 아래로 거래되었고, 브렌트유는 1.87% 하락해 98달러선을 기록했다. 10년물 국채 금리는 4.95%, 30년물은 5.29%로 하락했다.","샌디스크-6.8%-로젠블렛 증권의 목표가 2,400달러 제시
메타-0.6%-차익 실현 매물 소화
스페이스 X-1.89%-AI 에이전트 그록봇 출시 이후 사용자 수 증가
아마존-1.34%-뮤즈의 무단 접근으로 상품 구매 차단
마이크로소프트-0.7%-추가 감원 발표
샌디스크-6.82%-AI 모델 확산에 대한 긍정적 평가
AMD-1.4%-시총 1조 달러 돌파
SK 하이닉스 ADR-3.45%-반도체 수요 증가
비코-19.85%-3분기 매출 전망 상향","미국과 이란의 외교적 대화는 유가에 영향을 미쳤으며, 사우디아라비아의 송유관 가동 재개가 유가 하락을 부추겼다. 룸 외무상과 스티프 위트코프 미국 특사의 만남에서 호르무즈 해협 개방 조건이 논의되었다. 메디케어 가격 조정 발표로 진단 검사 관련주들이 하락했다.","UN 총회에서의 트럼프 대통령 발언은 이란과의 합의 가능성을 조명하였고, 유가는 하락세를 보이며 국제 정세에 대한 불안감이 커졌다. 특히, 연준의 고금리 우려와 함께 기술주에 대한 신뢰가 여전하다는 점도 시장에 긍정적인 영향을 미쳤다.","바이킹 테라퓨틱스-비만 치료제 VK2735의 임상 결과 공개, 체중 감소 효과 확인
암젠-쇼그랜증 치료제 다조달리베프의 긍정적인 임상 결과 발표, 4.3% 상승",미증시 혼조세 속 이란과의 대화가 유가에 변화를 가져오고 있다.,https://www.youtube.com/watch?v=8lmlcgQBtvQ
2026-09-28,"[🔴09/28 #당잠사]美 국채금리‘최고 수준’ㅣ트럼프“이란 7일 휴전안 거부”ㅣ미중,AI 대화채널 구축 합의…300억 달러 관세 완화ㅣ애플 특허침해 판결ㅣ#엔비디아 #애플 #구글","미증시 3대 지수 상승, 필라델피아 반도체 지수 1.4% 상승. 도널드 트럼프 대통령, 이란 상대로 한 폭격 가능성 언급. 미국과 중국, 300억 달러 관세 인하 합의. 중국 정부, 자국 AI 기업들에 대한 엔비디아 반도체 구매 허용 추진.","다우 지수 1% 상승, S&P 500 0.51% 상승, 나스닥 0.48% 상승. 국제유가 WTI 2.29% 하락, 브렌트 유가 2% 하락. 10년물 미국채 금리 5.17%에 마감. 원달러 환율 0.87% 하락, 1357원에서 거래.","퀄컴 - 4% - 애플과의 글로벌 라이선스 계약 갱신 소식에 상승
SK하이닉스 - 2.78% - 자회사 솔리다임의 IPO 검토 소식에 상승
마이크로소프트 - 3.66% - AI 기능 결합 슈퍼 앱 공개 소식에 상승
메타 - 3.3% - 개인 정보 처리 문제로 하락
테슬라 - 1.54% - 옵티머스 로봇 생산량 저조로 하락
코스트코 - 2.93% - 1년 전보다 11% 매출 증가 전망에 상승
아카마이 - 3.2% - 엔트로픽과 클라우드 계약 체결 소식에 상승","트럼프 대통령, 이란에 대한 폭격 언급으로 국제 유가 영향. 마이크로소프트와 AI 관련소식으로 반도체 주 강세. 코스트코 실적 발표, 매출 증가와 함께 주가 상승 유도. 아카마이, 엔트로픽과의 계약으로 향후 성장 기대감 상승.",미중 정상회담에서 양국 간 300억 달러 규모의 관세 인하 합의. 그러나 전면적 합의는 이루어지지 않고 안정적인 관계 유지를 강조. 앞으로의 협상에서 실질적인 진전을 기대하기 어려운 상황.,"애플 - 57억 달러 배상 판결, 진동 기술 관련 특허 분쟁에서 패소",미국과 이란 간의 협상이 격화 속에 글로벌 경제 불안 지속.,https://www.youtube.com/watch?v=nwTEEGS3fwk
2026-09-29,"[🔴09/29 #당잠사] 엔비디아 역대급 자사주 매입ㅣ뉴욕증시, 치솟는 국채금리에 투심 위축ㅣ사우디, 동서 송유관 가동 재개…국제유가 변동성 커져ㅣ#엔비디아 #스페이스X #메타","미증시는 3대 지수가 일제히 하락했습니다. 국채 금리가 상승하며 위험자산 투자 심리에 부담을 주는 가운데, 사우디아라비아가 동서 성유 간 수리를 마치고 가동을 확대하고 있다는 소식으로 국제 유가는 상승폭을 일부 반납했습니다. 도널드 트럼프 미국 대통령은 이란 핵 문제와 관련하여 구체적 진전이 있을 경우 이란 제재를 완화할 의향이 있다는 보도를 하였으며, 엔비디아는 AI 보안 플랫폼을 공개하고 1,500억 달러 규모의 자사주 매입 계획을 발표했습니다. 스페이스엑스의 스타십은 최초로 궤도 진입에 성공하였습니다.","이번 주 첫 거래일 뉴욕 증시는 SP 500 지수 0.77% 하락, 나스닥 0.92% 하락, 다우존스 지수 0.67% 하락으로 마감했습니다. 주요 원인은 미국과 이란간 협상이 불확실해지며 국제 유가와 금리가 상승했기 때문입니다. WTI는 93달러, 브렌트유는 98달러로 상승했습니다. 10년물 국채 금리는 5.23%로, 30년물은 5.5%를 넘어 2004년 이후 최고치를 기록하였습니다.","엔비디아 - 1.68% 상승 - 1,500억 달러 규모의 자사주 매입 계획 발표
AMD - 3.61% 하락 - AI 안전성 우려로 주가 하락
인텔 - 5.67% 하락 - AI 모델 훈련 중단 소식에 따른 하락
메타 - 4.79% 하락 - 기업의 AI 지원 플랫폼 사업 추진 소식에도 주가 하락
스페이스엑스 - 2.16% 하락 - 기술적 문제 발생 및 주가 반영
로블록스 - 9% 하락 - 부정적인 투자 분석 소식에 영향받음
코디약 사이언스 - 177% 상승 - 안과질환 치료제 임상 3상 결과 발표로 큰 상승","사우디 아라비아가 동서 성유관 수리를 마치고 가동 확대 소식이 국제 유가에 영향을 미쳤습니다.
트럼프 대통령의 이란 제재 완화 의향 보도가 시장에 영향을 주었습니다.
엔비디아의 AI 보안 플랫폼 공개 및 자사주 매입 발표가 긍정적인 영향을 미쳤습니다.
오픈AI의 AI 모델 훈련 중단이 기술주에 부정적인 영향을 미쳤습니다.","미국과 이란 간의 협상은 여전히 불확실하며, 트럼프 대통령의 발언에 따라 향후 제재 완화가 이루어질 수 있다는 의견과 반대편의 우려가 존재합니다. 스페이스엑스의 최근 성공적인 우주선 발사는 향후 통신 사업에 긍정적인 전망을 제시하고 있습니다. 그러나 러시아-우크라이나 전쟁의 격화와 더불어 전 세계 에너지 시장에 부정적인 여파를 미치고 있으며, 이는 달러화 강세와 금리 인상 우려를 불러일으키고 있습니다.","코디약 사이언스 - 안과질환 치료제 두 종의 임상 3상에서 주요 평가 변수를 충족, 치료제 상용화 기대감으로 주가 177% 상승.
언급 없음","미증시의 하락과 함께 위험자산에 대한 불안감이 확대되는 가운데, 국채 금리는 최고치를 기록하며 시장의 긴장감을 높이고 있습니다.",https://www.youtube.com/watch?v=XZZe-WfIM-A
2026-09-30,"[🔴09/30 #당잠사] 국채금리 10·30년물 고공행진…뉴욕증시 하락ㅣ오픈AI, 데브데이2026 개최…GPT 솔·AI 에이전트 ‘닷츠’ 공개ㅣ#엔비디아  #오픈AI #스페이스X","오늘 미국 시장 3대 지수는 하락했습니다. 국채 금리가 계속해서 고공행진을 이어가고 있으며, 이는 증시 투자 심리에 부담을 주는 요인으로 작용하고 있습니다. 특히, 사우디아라비아의 송유관이 재개조치에 들어간 덕분에 서부 텍사스산 원유의 가격이 배럴당 90달러 아래로 내려갔습니다. 미국 소비자 신뢰 지수는 81.9로 예상했던 89를 크게 밑돌았으며, 지난 8월 9인 직장 수는 708만 건으로 시장 예상치보다 적은 수치를 기록했습니다.","다우존스 지수는 0.26% 하락, 나스닥은 0.09% 내렸으며, S&P 500 지수는 0.17% 하락했습니다. 국제 유가는 WTI가 3.93% 하락해 88달러로 내려갔고, 브렌트유도 2.23% 하락. 국채 금리는 2년물 금리가 3.5bp 하락했지만 10년물 국채 금리는 여전히 5.25%로 최고 기록을 유지 중입니다.","애플 -2.66%: 엔지니어링 중심의 조직 개편을 위한 구조조정 소식에 불확실성이 커짐.
메타 +3.24%: 중소기업 대상 AI 에이전트 뮤즈 출시.
스페이스X +2.59%: 긍정적인 투자 회견에 힘입어 주가 상승.
테슬라 -1.29%: FSD 시스템의 승인 소식에도 수요 약세 우려.
AMD -0.XX%: AI 연구 기업 인수 계획에 대한 발표.
M비디아 -0.72%: 자사주 매입 계획 뒤 하락세 기록.
오라클 +4%: 새로운 AI 기업용 서비스 대응 소식.
이오벤스 +31%: 매출 전망 상향 조정.
블루에너지 +10.8%: 생산 확대 및 월가의 긍정적인 평가.
월마트 -1.78%: 경쟁 심화 우려에 따른 하락.","국채 금리 문제로 시장 심리에 부정적 영향을 미침.
사우디아라비아 송유관 재가동으로 유가 하락.
미국의 소비자 신뢰 지수 최저치 기록, 고용 수요 둔화.
존 윌리엄스 뉴욕 연방준비은행 총재의 비둘기파적 발언으로 금리 인상 우려 다소 해소.
엔비디아와 AMD의 AI 반도체 수출 규제 반대 의견 표명.","미국의 고용 수요 둔화와 소비자 신뢰 지수 최저치는 경제 전반에 부정적인 신호로 해석되고 있습니다. 전문가들은 소비자 신뢰와 고용 수요의 하락이 향후 소비 둔화를 초래할 가능성이 크다고 우려하고 있습니다. 또한, 미국 연준 통화 정책의 민감한 반응이 국채 금리와 긴밀하게 연결되어 있으며, 고공행진을 계속하는 장기물 국채 금리로 인해 증시에 부담을 주고 있습니다.","이오벤스: 올해 매출 전망을 기존 3억 7천만 달러에서 4억 2천만 달러로 상향 조정.
일날 일리: 당뇨병 치료제 파운다이요가 체중 감량과 혈당 조절에서 우수한 효과 보임.
24개월 동안 체중 1.5% 감소 및 당화 혈색소 0.3% 개선 효과.",국채 금리 상승과 소비자 신뢰 하락이 미국 증시 하락을 이끌고 있다.,https://www.youtube.com/watch?v=UmnW06Z1jxw
2026-10-01,"[🔴10/01 #당잠사] 마이크론 실적 발표 | 예상 밑돈 8월 PCE…10월 금리인상 확률 ‘뚝’ | FTC, 오픈AI·앤트로픽 전면 조사 | #엔비디아 #마이크론 #구글","미국의 8월 개인 소비 지출(PC) 물가 지수가 전년 대비 3.4% 상승하며 시장 예상을 밑돌았다. 이로 인해 10월 미국 기준 금리 인상 확률이 크게 하락하며 나스닥 지수가 상승했다. 마이크론은 분기 매출 542억 3천만 달러, 주당 순익 33.42달러로 시장 기대치를 초과하는 실적을 발표했다. 2분기 성장률은 2.2%로 잠정 추정치보다 높은 수준을 기록하였다.","미 증시는 혼조세로 마감했다. 다우 지수는 0.86% 하락한 반면, 나스닥 지수는 0.24% 상승했다. S&P 500 지수는 0.25% 내렸다. 10년물 국채 금리는 5.3%로 2007년 이후 최고치를 경신했으며, 30년물 금리도 4.6%로 올라가다. WTI는 0.2% 상승하며 90달러를 회복하였고, 달러 인덱스는 0.13% 상승해 101.5를 기록했다.","마이크론-1.8%-4분기 실적이 시장 기대치를 초과함
엔비디아+0.5%-AI 솔루션에 대한 높은 수요
아마존+1.01%-신시스와의 반도체 설계 계약 체결
애플+1.11%-스마트 홈 시장 진출 소식
메타-1.84%-AI 데이터 센터에 대한 세액 공제 우려
유나이티드 테라퓨틱스+12.5%-리퀴디아의 특허 침해 판결로 이익","트럼프 대통령-AI 안전 기준 협약 체결, 빅테크 주가 상승 전망
구글-차세대 AI 모델 발표, 주가 오름세
모더나-투자 의견 하향 조정, 주가 하락
로빈호드-24시간 주식 거래 도입 발표, 주가 변동성","미국 경제가 여전히 견고하다는 지표가 우세하다. 9월 ADP 민간 고용이 9만 건 증가하여 예상치를 초과하였고, 2분기 GDP 성장률이 2.2%로 상향 조정되었다. 연준은 PCE 물가 지수가 예상보다 낮아 금리 인상 부담이 줄어들 것으로 보인다. 또한, 영국 총리의 브렉시트 재입 가능성 언급이 유럽 경제에 미칠 영향도 주목된다.","일라릴의 비만 치료제 엘로랄린 타이드-체중 감량 임상 결과 발표, 최고 용량 투여 시 23.3% 감소
리퀴디아-신약 유트레피아의 특허 침해 판결로 판매 불확실성 확대, 주가 하락
모더나-투자 의견 하향 조정, 주가 하락",마이크론의 기대 이상의 실적과 미국의 PC 물가 하락이 금리 인상 부담을 줄였다.,https://www.youtube.com/watch?v=ZPLdZ8uxAVY
2026-10-02,"[🔴10/02 #당잠사] 뉴욕증시 상승…필라델피아반도체 1.59% 상승 | 중동에 항공모함 파견…국제유가 급등, 브렌트유 100달러 재돌파 | #마이크론 #알파벳 #브로드컴","미증시 3대 지수가 소폭 상승했으나, 필라델피아 반도체 지수는 1.5% 상승했다. 미국이 중동에 세 번째 항공모함 전단과 해병대를 추가 배치할 계획이라는 소식이 국제 유가에 영향을 미쳤고, 미국의 연준 인사들이 인플레이션의 높은 수준을 지속적으로 언급하며 투자자들의 우려를 자아냈다. 10년물 미국채 금리는 하락했으며, 9월 ISM 제조업 PMI가 54.5로 발표되어 예상치를 소폭 밑돌았다. 신규 실업청구권수는 19만7,000건으로 나타났고 이는 채용 시장의 견조함을 보여주는 지표로 해석된다.","다우 지수는 0.04%, 나스닥 지수도 0.04% 상승했으며, S&P 500 지수는 0.19% 올랐다. 30년물 국채 금리는 3.4bp, 10년물은 5.9bp 하락했고, 2년물은 10.6bp 하락하였다. WTI는 0.29% 상승하고, 브렌트유는 0.24% 상승했다. 원달러 환율은 0.24% 상승하여 1359원에 거래되며, 금값은 온스당 4,207달러 선에서 유지되었다.","마이크론 - 3% - 역대급 실적 발표로 주가 상승
파라마운트 - 9.58% 하락 - 원어브라더스 인수 관련 금리가 10% 이상으로 상승
SK 하이닉스 - 5% 상승 - AI 메모리 수요 증가
브로드컴 - 2.15% 하락 - 엔트로픽 대출 합의 관련 우려
구글 - 1.7% 하락 - 제미나이 4 출시 성능 논란
테슬라 - 0.2% 하락 - 유럽 시장 회복 소식에도 하락
코르테바 - 84% 하락 - 바일러 분사 후 주가 조정
엑센츄어 - 상승 - 실적 발표가 시장 예상치를 웃도는 내용","미국 방부가 중동에 세 번째 항공모함과 해병대 만명을 추가 배치할 예정이란 보고가 유가에 영향을 끼쳤다. 또한, 중국 정유업체들이 해외 연료 수출을 중단한다는 소식이 시장에 공급 불확실성을 증가시키며 가격 상승 요인이 되었다.","미국의 국채 금리가 크게 하락하면서 그동안 이어져온 불안감이 일시적으로 감소했다. 이는 연준의 금리 인상 가능성이 줄어들며 국채 매도 압력이 완화된 데 기인한다. 그러나 지정학적 긴장과 국제 유가의 불안정성은 여전히 시장에 남아있는 리스크로 작용하고 있다. 일본, 프랑스 등 주요국의 국채 금리 역시 상승하며 글로벌 금융 시장에도 영향을 미치고 있는 상황이다.",언급 없음,"미증시는 소폭 상승했지만, 지정학적 리스크와 국제 유가의 불안정성으로 상황이 여전히 긴장 상태에 있다.",https://www.youtube.com/watch?v=t1U2KUddac8
